{"cameraMode":{"drawMode":0,"name":"Shaded","section":"Shading Mode"},"sceneLighting":true,"audioPlay":false,"sceneViewState":{"showFog":true,"showMaterialUpdate":false,"showSkybox":true,"showFlares":true,"showImageEffects":true,"showParticleSystems":true},"in2DMode":false,"pivot":{"x":1.357771396636963,"y":1.5931267738342286,"z":4.175189018249512},"rotation":{"x":0.19942066073417664,"y":-0.5098300576210022,"z":0.12282858043909073,"w":0.8278331756591797},"size":7.576291084289551,"orthographic":false}