{"cameraMode":{"drawMode":0,"name":"Shaded","section":"Shading Mode"},"sceneLighting":true,"audioPlay":false,"sceneViewState":{"showFog":true,"showMaterialUpdate":false,"showSkybox":true,"showFlares":true,"showImageEffects":true,"showParticleSystems":true},"in2DMode":false,"pivot":{"x":0.9128076434135437,"y":0.15363359451293946,"z":-1.117874026298523},"rotation":{"x":0.06218288093805313,"y":-0.07478751987218857,"z":0.004681689664721489,"w":0.995279848575592},"size":4.994954586029053,"orthographic":false}