{"cameraMode":{"drawMode":0,"name":"Shaded","section":"Shading Mode"},"sceneLighting":false,"audioPlay":false,"sceneViewState":{"showFog":true,"showMaterialUpdate":false,"showSkybox":false,"showFlares":true,"showImageEffects":true,"showParticleSystems":true},"in2DMode":false,"pivot":{"x":0.24569277465343476,"y":0.019492924213409425,"z":0.8131575584411621},"rotation":{"x":0.23521724343299867,"y":-0.6578971147537231,"z":0.22827745974063874,"w":0.6782738566398621},"size":2.3106768131256105,"orthographic":true}