{"cameraMode":{"drawMode":0,"name":"Shaded","section":"Shading Mode"},"sceneLighting":true,"audioPlay":false,"sceneViewState":{"showFog":true,"showMaterialUpdate":false,"showSkybox":true,"showFlares":true,"showImageEffects":true,"showParticleSystems":true},"in2DMode":false,"pivot":{"x":18.095359802246095,"y":11.246716499328614,"z":8.006120681762696},"rotation":{"x":0.2602708339691162,"y":-0.6734309792518616,"z":0.27644529938697817,"w":0.6345432996749878},"size":4.550297260284424,"orthographic":true}