{"cameraMode":{"drawMode":0,"name":"Shaded","section":"Shading Mode"},"sceneLighting":true,"audioPlay":false,"sceneViewState":{"showFog":true,"showMaterialUpdate":false,"showSkybox":true,"showFlares":true,"showImageEffects":true,"showParticleSystems":true},"in2DMode":false,"pivot":{"x":18.095359802246095,"y":11.246716499328614,"z":8.006120681762696},"rotation":{"x":0.4089139997959137,"y":-0.5803161263465881,"z":0.41848134994506838,"w":0.5667311549186707},"size":14.437948226928711,"orthographic":true}