{"cameraMode":{"drawMode":0,"name":"Shaded","section":"Shading Mode"},"sceneLighting":true,"audioPlay":false,"sceneViewState":{"showFog":true,"showMaterialUpdate":false,"showSkybox":true,"showFlares":true,"showImageEffects":true,"showParticleSystems":true},"in2DMode":false,"pivot":{"x":10.10720443725586,"y":1.8961292505264283,"z":14.230977058410645},"rotation":{"x":-0.10055124759674072,"y":0.6057278513908386,"z":-0.07686752825975418,"w":-0.7856569290161133},"size":22.56867790222168,"orthographic":true}