{"cameraMode":{"drawMode":0,"name":"Shaded","section":"Shading Mode"},"sceneLighting":true,"audioPlay":false,"sceneViewState":{"showFog":true,"showMaterialUpdate":false,"showSkybox":true,"showFlares":true,"showImageEffects":true,"showParticleSystems":true},"in2DMode":false,"pivot":{"x":11.198402404785157,"y":1.7716383934020997,"z":2.609375},"rotation":{"x":-0.037808608263731,"y":0.9304735660552979,"z":-0.1003083735704422,"w":-0.3504936695098877},"size":6.8165483474731449,"orthographic":true}