{"cameraMode":{"drawMode":0,"name":"Shaded","section":"Shading Mode"},"sceneLighting":true,"audioPlay":false,"sceneViewState":{"showFog":true,"showMaterialUpdate":false,"showSkybox":true,"showFlares":true,"showImageEffects":true,"showParticleSystems":true},"in2DMode":false,"pivot":{"x":10.10720443725586,"y":1.8961292505264283,"z":14.230977058410645},"rotation":{"x":0.1456906944513321,"y":-0.4192945659160614,"z":0.06784117221832276,"w":0.8936263918876648},"size":20.799396514892579,"orthographic":true}