{"cameraMode":{"drawMode":0,"name":"Shaded","section":"Shading Mode"},"sceneLighting":true,"audioPlay":false,"sceneViewState":{"showFog":true,"showMaterialUpdate":false,"showSkybox":true,"showFlares":true,"showImageEffects":true,"showParticleSystems":true},"in2DMode":false,"pivot":{"x":8.763296127319336,"y":1.9855923652648926,"z":8.315412521362305},"rotation":{"x":-0.08972093462944031,"y":0.7075871229171753,"z":-0.0913584902882576,"w":-0.6949504017829895},"size":0.3325778543949127,"orthographic":true}