{"cameraMode":{"drawMode":0,"name":"Shaded","section":"Shading Mode"},"sceneLighting":true,"audioPlay":false,"sceneViewState":{"showFog":true,"showMaterialUpdate":false,"showSkybox":true,"showFlares":true,"showImageEffects":true,"showParticleSystems":true},"in2DMode":false,"pivot":{"x":15.100000381469727,"y":3.14892578125,"z":13.1240234375},"rotation":{"x":-0.03195151686668396,"y":0.9396310448646545,"z":-0.09132350236177445,"w":-0.3284183740615845},"size":7.848471641540527,"orthographic":true}