{"cameraMode":{"drawMode":0,"name":"Shaded","section":"Shading Mode"},"sceneLighting":true,"audioPlay":false,"sceneViewState":{"showFog":true,"showMaterialUpdate":false,"showSkybox":true,"showFlares":true,"showImageEffects":true,"showParticleSystems":true},"in2DMode":false,"pivot":{"x":10.10720443725586,"y":1.8961292505264283,"z":14.230977058410645},"rotation":{"x":0.048846278339624408,"y":0.9490779638290405,"z":-0.18995507061481477,"w":0.246938094496727},"size":8.7925443649292,"orthographic":true}