{"cameraMode":{"drawMode":0,"name":"Shaded","section":"Shading Mode"},"sceneLighting":false,"audioPlay":false,"sceneViewState":{"showFog":true,"showMaterialUpdate":false,"showSkybox":false,"showFlares":true,"showImageEffects":true,"showParticleSystems":true},"in2DMode":false,"pivot":{"x":6.349999904632568,"y":2.4600000381469728,"z":7.239999771118164},"rotation":{"x":-0.18486599624156953,"y":0.815601110458374,"z":-0.3961516320705414,"w":-0.37931403517723086},"size":16.621957778930665,"orthographic":true}