{"cameraMode":{"drawMode":0,"name":"Shaded","section":"Shading Mode"},"sceneLighting":true,"audioPlay":false,"sceneViewState":{"showFog":true,"showMaterialUpdate":false,"showSkybox":true,"showFlares":true,"showImageEffects":true,"showParticleSystems":true},"in2DMode":false,"pivot":{"x":18.095359802246095,"y":11.246716499328614,"z":8.006120681762696},"rotation":{"x":0.3446543216705322,"y":-0.4283653497695923,"z":0.181194469332695,"w":0.8155972361564636},"size":8.942290306091309,"orthographic":true}