{"cameraMode":{"drawMode":0,"name":"Shaded","section":"Shading Mode"},"sceneLighting":true,"audioPlay":false,"sceneViewState":{"showFog":true,"showMaterialUpdate":false,"showSkybox":true,"showFlares":true,"showImageEffects":true,"showParticleSystems":true},"in2DMode":false,"pivot":{"x":18.095359802246095,"y":11.246716499328614,"z":8.006120681762696},"rotation":{"x":0.16348999738693238,"y":0.04816707223653793,"z":-0.007894911803305149,"w":0.9854995608329773},"size":10.523650169372559,"orthographic":true}