{"cameraMode":{"drawMode":0,"name":"Shaded","section":"Shading Mode"},"sceneLighting":false,"audioPlay":false,"sceneViewState":{"showFog":true,"showMaterialUpdate":false,"showSkybox":false,"showFlares":true,"showImageEffects":true,"showParticleSystems":true},"in2DMode":false,"pivot":{"x":13.489999771118164,"y":4.269999980926514,"z":7.239999771118164},"rotation":{"x":0.048846278339624408,"y":0.9490779638290405,"z":-0.18995507061481477,"w":0.246938094496727},"size":20.064550399780275,"orthographic":true}