{"cameraMode":{"drawMode":0,"name":"Shaded","section":"Shading Mode"},"sceneLighting":true,"audioPlay":false,"sceneViewState":{"showFog":true,"showMaterialUpdate":false,"showSkybox":true,"showFlares":true,"showImageEffects":true,"showParticleSystems":true},"in2DMode":false,"pivot":{"x":6.654052734375,"y":2.2396240234375,"z":6.85516357421875},"rotation":{"x":-0.05940474197268486,"y":0.45756757259368899,"z":-0.03065771982073784,"w":-0.8866685628890991},"size":2.079127073287964,"orthographic":true}