{"cameraMode":{"drawMode":0,"name":"Shaded","section":"Shading Mode"},"sceneLighting":true,"audioPlay":false,"sceneViewState":{"showFog":true,"showMaterialUpdate":false,"showSkybox":true,"showFlares":true,"showImageEffects":true,"showParticleSystems":true},"in2DMode":false,"pivot":{"x":6.140271186828613,"y":1.892610788345337,"z":6.85809326171875},"rotation":{"x":0.1622714251279831,"y":0.7548730969429016,"z":-0.20363134145736695,"w":0.6020935773849487},"size":4.553734302520752,"orthographic":true}