{"cameraMode":{"drawMode":0,"name":"Shaded","section":"Shading Mode"},"sceneLighting":true,"audioPlay":false,"sceneViewState":{"showFog":true,"showMaterialUpdate":false,"showSkybox":true,"showFlares":true,"showImageEffects":true,"showParticleSystems":true},"in2DMode":false,"pivot":{"x":10.9248046875,"y":3.14892578125,"z":13.1240234375},"rotation":{"x":0.03526369109749794,"y":-0.9643923044204712,"z":0.17190948128700257,"w":0.19798849523067475},"size":11.52869987487793,"orthographic":true}