{"cameraMode":{"drawMode":0,"name":"Shaded","section":"Shading Mode"},"sceneLighting":true,"audioPlay":false,"sceneViewState":{"showFog":true,"showMaterialUpdate":false,"showSkybox":true,"showFlares":true,"showImageEffects":true,"showParticleSystems":true},"in2DMode":false,"pivot":{"x":10.830322265625,"y":0.72540283203125,"z":7.76959228515625},"rotation":{"x":0.05656011030077934,"y":-0.8303422331809998,"z":0.08574593812227249,"w":0.5477714538574219},"size":1.7351371049880982,"orthographic":true}