{"cameraMode":{"drawMode":0,"name":"Shaded","section":"Shading Mode"},"sceneLighting":true,"audioPlay":false,"sceneViewState":{"showFog":true,"showMaterialUpdate":false,"showSkybox":true,"showFlares":true,"showImageEffects":true,"showParticleSystems":true},"in2DMode":false,"pivot":{"x":18.095359802246095,"y":11.246716499328614,"z":8.006120681762696},"rotation":{"x":0.23521724343299867,"y":-0.6578971147537231,"z":0.22827745974063874,"w":0.6782738566398621},"size":8.287755966186524,"orthographic":true}